Entrée,partie du discours,Terme relié,partie du discours,relation
abate,VV,abatement,NN,DRV
abate,,abatement,,FRM
abate,,accelerate,,FRM
abate,,amplify,,FRM
abate,,intensify,,FRM
abate,VV,mitigate,VV,QSYN
abate,,mitigate,,FRM
abate,,mitigation,,FRM
abate,VV,reduce,VV,QSYN
abatement,NN,abate,VV,DRV
abatement,,abate,,FRM
abatement,,accelerate,,FRM
abatement,,amplify,,FRM
abatement,,intensify,,FRM
abatement,,mitigate,,FRM
abatement,,mitigation,,FRM
abatement,NN,reduction,NN,QSYN
absorb,VV,absorption,NN,DRV
absorb,,absorption,,FRM
absorb,VV,emit,VV,ANTI
absorb,VV,radiate,VV,ANTI
absorb,VV,reflect,VV,ANTI
absorb,VV,store,VV,QSYN
absorb,VV,trap,VV,QSYN
absorb,,uptake,,FRM
absorption,NN,absorb,VV,DRV
absorption,,absorb,,FRM
absorption,NN,emission,NN,ANTI
absorption,NN,release,NN,ANTI
absorption,NN,uptake,NN,QSYN
absorption,,uptake,,FRM
accelerate,,abate,,FRM
accelerate,,abatement,,FRM
accelerate,VV,acceleration,NN,DRV
accelerate,,acceleration,,FRM
accelerate,VV,amplify,VV,QSYN
accelerate,,amplify,,FRM
accelerate,VV,increase,VV,QSYN
accelerate,,intensification,,FRM
accelerate,VV,intensify,VV,QSYN
accelerate,,intensify,,FRM
accelerate,,mitigate,,FRM
accelerate,,mitigation,,FRM
accelerate,VV,rise,VV,QSYN
acceleration,NN,accelerate,VV,DRV
acceleration,,accelerate,,FRM
acceleration,NN,increase,NN,QSYN
acceleration,NN,intensification,NN,QSYN
acceleration,,intensification,,FRM
acceleration,,intensify,,FRM
accumulate,VV,accumulation,NN,DRV
accumulate,,accumulation,,FRM
accumulate,,concentration,,FRM
accumulation,NN,accumulate,VV,DRV
accumulation,,accumulate,,FRM
accumulation,,concentration,,FRM
acidification,NN,acidify,VV,DRV
acidification,,acidify,,FRM
acidification,,contaminate,,FRM
acidification,NN,contamination,NN,QSYN
acidification,,pollute,,FRM
acidification,NN,pollution,NN,QSYN
acidify,VV,acidification,NN,DRV
acidify,,acidification,,FRM
acidify,VV,contaminate,VV,QSYN
acidify,,contaminate,,FRM
acidify,VV,pollute,VV,QSYN
acidify,,pollute,,FRM
activity,NN,event,NN,QSYN
adapt,VV,adaptation,NN,DRV
adapt,,adaptation,,FRM
adaptation,NN,adapt,VV,DRV
adaptation,,adapt,,FRM
adaptive,JJ,adapt,VV,DRV
adaptive,JJ,adaptation,NN,DRV
aerobic,JJ,anaerobic,JJ,ANTI
affect,,effect,,FRM
affect,,impact,,FRM
affect,,influence,,FRM
afforestation,NN,deforestation,NN,ANTI
afforestation,,reforest,,FRM
afforestation,NN,reforestation,NN,QSYN
afforestation,,reforestation,,FRM
agricultural,JJ,agriculture,NN,DRV
agriculture,NN,agricultural,JJ,DRV
agriculture,,cultivate,,FRM
agriculture,NN,farming,NN,QSYN
albedo,NN,reflectivity,NN,QSYN
alter,VV,alteration,NN,DRV
alter,,alteration,,FRM
alter,VV,change,VV,QSYN
alter,,change,,FRM
alter,VV,damage,VV,QSYN
alter,VV,degrade,VV,QSYN
alter,VV,deteriorate,VV,QSYN
alter,,perturbation,,FRM
alteration,NN,alter,VV,DRV
alteration,,alter,,FRM
alteration,,change,,FRM
alteration,NN,deterioration,NN,QSYN
alteration,,perturbation,,FRM
alternative,JJ,clean,JJ,QSYN
alternative,JJ,green,JJ,QSYN
alternative,JJ,pure,JJ,QSYN
alternative,JJ,smart,JJ,QSYN
amplify,,abate,,FRM
amplify,,abatement,,FRM
amplify,VV,accelerate,VV,QSYN
amplify,,accelerate,,FRM
amplify,VV,amplification,NN,DRV
amplify,VV,decrease,VV,ANTI
amplify,VV,increase,VV,QSYN
amplify,VV,intensify,VV,QSYN
amplify,,intensify,,FRM
amplify,VV,mitigate,VV,ANTI
amplify,,mitigate,,FRM
amplify,,mitigation,,FRM
anaerobic,JJ,aerobic,JJ,ANTI
anthropogenic,JJ,human,JJ,QSYN
anthropogenic,JJ,human-induced,JJ,QSYN
anthropogenic,JJ,natural,JJ,ANTI
area,NN,region,NN,QSYN
arid,JJ,aridity,NN,DRV
arid,JJ,semi-arid,JJ,QSYN
assess,VV,assessment,NN,DRV
assess,,assessment,,FRM
assess,VV,estimate,VV,QSYN
assess,VV,evaluate,VV,QSYN
assessment,NN,assess,VV,DRV
assessment,,assess,,FRM
atmosphere,NN,air,NN,QSYN
automobile,NN,car,NN,QSYN
automobile,NN,truck,NN,QSYN
automobile,NN,vehicle,NN,HYP
bicycle,NN,bike,NN,QSYN
bicycle,NN,transportation,NN,HYP
bicycle,NN,vehicle,NN,HYP
bin,NN,container,NN,QSYN
biodiversity,NN,diversity,NN,HYP
biological,JJ,chemical,JJ,ANTI
biological,JJ,natural,JJ,QSYN
biological,JJ,organic,JJ,QSYN
biomass,NN,bioenergy,NN,HYP
biome,NN,ecosystem,NN,QSYN
biome,NN,tundra,NN,HYP
biosphere,NN,ecosystem,NN,QSYN
boiler,NN,heater,NN,QSYN
burn,VV,burning,NN,DRV
burning,NN,burn,VV,DRV
burning,NN,combustion,NN,QSYN
burning,NN,incineration,NN,QSYN
bus,NN,metro,NN,QSYN
bus,NN,train,NN,QSYN
bus,NN,transportation,NN,HYP
calculate,VV,calculation,NN,DRV
calculate,,calculation,,FRM
calculate,VV,estimate,VV,QSYN
calculation,NN,calculate,VV,DRV
calculation,,calculate,,FRM
calculation,NN,estimation,NN,QSYN
capture,VV,sequester,VV,QSYN
capture,,sequester,,FRM
capture,NN,sequestration,NN,QSYN
capture,,sequestration,,FRM
capture,NN,storage,NN,QSYN
car,NN,automobile,NN,QSYN
car,NN,truck,NN,QSYN
car,NN,vehicle,NN,HYP
carbon,NN,c,NN,QSYN
carbon,NN,gas,NN,HYP
carry,VV,commute,VV,ANTI
carry,,transportation,,FRM
carry,VV,travel,VV,ANTI
change,VV,alter,VV,QSYN
change,,alter,,FRM
change,,alteration,,FRM
change,VV,fluctuate,VV,QSYN
change,,fluctuate,,FRM
change,NN,fluctuation,NN,QSYN
change,,fluctuation,,FRM
change,,perturbation,,FRM
change,VV,shift,VV,QSYN
change,,shift,,FRM
change,VV,stabilize,VV,QSYN
change,NN,variation,NN,QSYN
change,,variation,,FRM
change,VV,vary,VV,QSYN
change,,vary,,FRM
charge,VV,discharge,VV,ANTI
charge,NN,recharge,NN,QSYN
charge,,recharge,,FRM
chemical,JJ,biological,JJ,ANTI
chemical,NN,dioxin,NN,HYP
chemical,JJ,natural,JJ,ANTI
chemical,NN,toxic,NN,HYP
clean,JJ,alternative,JJ,QSYN
clean,,environmental,,FRM
clean,JJ,green,JJ,QSYN
clean,,green,,FRM
clean,JJ,pure,JJ,QSYN
clean,JJ,smart,JJ,QSYN
clear,VV,clearing,NN,DRV
clear,,clearing,,FRM
clear,VV,deforest,VV,QSYN
clear,,deforest,,FRM
clear,,deforestation,,FRM
clearing,NN,clear,VV,DRV
clearing,,clear,,FRM
clearing,NN,clearance,NN,QSYN
clearing,,deforest,,FRM
clearing,NN,deforestation,NN,QSYN
clearing,,deforestation,,FRM
climate,NN,climatic,JJ,DRV
climate,NN,weather,NN,QSYN
climatic,JJ,meteorological,JJ,QSYN
climatologist,NN,meteorologist,NN,QSYN
coal,NN,carbon,NN,QSYN
coal,NN,fuel,NN,HYP
coal,NN,oil,NN,QSYN
coast,NN,coastal,JJ,DRV
coastal,JJ,coast,NN,DRV
coastal,JJ,terrestrial,JJ,QSYN
cold,JJ,cool,JJ,QSYN
cold,,cool,,FRM
cold,,temperature,,FRM
cold,JJ,warm,JJ,ANTI
cold,,warm,,FRM
collect,VV,collection,NN,DRV
collector,NN,panel,NN,QSYN
combustion,NN,burning,NN,QSYN
combustion,NN,incineration,NN,QSYN
commute,VV,carry,VV,ANTI
commute,,transit,,FRM
commute,VV,travel,VV,QSYN
commute,,travel,,FRM
compensate,VV,compensation,NN,DRV
compost,VV,digest,VV,QSYN
concentration,,accumulate,,FRM
concentration,,accumulation,,FRM
concentration,NN,level,NN,QSYN
connect,VV,connection,NN,DRV
consequence,NN,effect,NN,QSYN
consequence,NN,impact,NN,QSYN
conservation,NN,conserve,VV,DRV
conservation,,conserve,,FRM
conservation,NN,preservation,NN,QSYN
conservation,,preserve,,FRM
conservation,NN,protection,NN,QSYN
conserve,VV,conservation,NN,DRV
conserve,,conservation,,FRM
conserve,VV,preserve,VV,QSYN
conserve,,preserve,,FRM
conserve,VV,protect,VV,QSYN
consume,VV,consumption,NN,DRV
consume,,consumption,,FRM
consumer,NN,owner,NN,QSYN
consumer,NN,user,NN,QSYN
consumption,NN,consume,VV,DRV
consumption,,consume,,FRM
container,NN,bin,NN,QSYN
container,NN,vessel,NN,QSYN
contaminate,,acidification,,FRM
contaminate,VV,acidify,VV,QSYN
contaminate,,acidify,,FRM
contaminate,VV,contamination,NN,DRV
contaminate,VV,pollute,VV,QSYN
contaminate,,pollute,,FRM
contaminated,JJ,polluted,JJ,QSYN
contaminated,,polluted,,FRM
conversion,NN,convert,VV,DRV
conversion,,convert,,FRM
conversion,,hybridization,,FRM
conversion,,transform,,FRM
convert,VV,conversion,NN,DRV
convert,,conversion,,FRM
convert,,hybridization,,FRM
convert,VV,transform,VV,QSYN
convert,,transform,,FRM
cool,,cold,,FRM
cool,VV,cooling,NN,DRV
cool,,cooling,,FRM
cool,JJ,temperate,JJ,QSYN
cool,,temperature,,FRM
cool,VV,warm,VV,ANTI
cool,,warm,,FRM
cool,,warming,,FRM
cooling,NN,cool,VV,DRV
cooling,,cool,,FRM
cooling,,warm,,FRM
cooling,NN,warming,NN,ANTI
cooling,,warming,,FRM
cover,NN,canopy,NN,QSYN
cultivate,,agriculture,,FRM
cultivate,VV,cultivation,NN,DRV
cultivate,VV,farm,VV,QSYN
cultivate,VV,plant,VV,QSYN
current,NN,flow,NN,QSYN
current,NN,wave,NN,QSYN
cyclone,NN,event,NN,HYP
cyclone,NN,hurricane,NN,QSYN
cyclone,,hurricane,,FRM
cyclone,NN,storm,NN,QSYN
cyclone,,storm,,FRM
cyclone,,thunderstorm,,FRM
cyclone,NN,tornado,NN,QSYN
cyclone,,tornado,,FRM
cyclone,,tsunami,,FRM
cyclone,NN,typhoon,NN,QSYN
dam,NN,barrage,NN,QSYN
dam,NN,reservoir,NN,QSYN
damage,VV,alter,VV,QSYN
damage,,degradation,,FRM
damage,VV,degrade,VV,QSYN
damage,,degrade,,FRM
decline,,decrease,,FRM
decline,VV,disappear,VV,QSYN
decline,NN,extinction,NN,QSYN
decline,VV,grow,VV,ANTI
decline,,grow,,FRM
decline,,growth,,FRM
decline,VV,increase,VV,ANTI
decline,,increase,,FRM
decline,NN,loss,NN,QSYN
decline,,rise,,FRM
decomposition,NN,decompose,VV,DRV
decrease,VV,decline,VV,QSYN
decrease,,decline,,FRM
decrease,NN,degradation,NN,QSYN
decrease,NN,expansion,NN,ANTI
decrease,VV,grow,VV,ANTI
decrease,,grow,,FRM
decrease,,growth,,FRM
decrease,VV,increase,VV,ANTI
decrease,,increase,,FRM
decrease,VV,intensify,VV,ANTI
decrease,VV,mitigate,VV,QSYN
decrease,VV,reduce,VV,QSYN
decrease,,reduce,,FRM
decrease,NN,reduction,NN,QSYN
decrease,,reduction,,FRM
decrease,VV,rise,VV,ANTI
decrease,,rise,,FRM
deforest,VV,clear,VV,QSYN
deforest,,clear,,FRM
deforest,,clearing,,FRM
deforest,VV,deforestation,NN,DRV
deforest,,deforestation,,FRM
deforest,VV,reforest,VV,ANTI
deforestation,NN,afforestation,NN,ANTI
deforestation,,clear,,FRM
deforestation,NN,clearing,NN,QSYN
deforestation,,clearing,,FRM
deforestation,NN,deforest,VV,DRV
deforestation,,deforest,,FRM
deforestation,NN,desertification,NN,QSYN
deforestation,NN,reforestation,NN,ANTI
degradation,,damage,,FRM
degradation,NN,degrade,VV,DRV
degradation,,degrade,,FRM
degradation,NN,desertification,NN,QSYN
degradation,NN,deterioration,NN,QSYN
degrade,VV,alter,VV,QSYN
degrade,VV,damage,VV,QSYN
degrade,,damage,,FRM
degrade,VV,degradation,NN,DRV
degrade,,degradation,,FRM
deplete,VV,depletion,NN,DRV
deplete,,depletion,,FRM
depletion,NN,deplete,VV,DRV
depletion,,deplete,,FRM
deposit,VV,deposition,NN,DRV
deposition,NN,deposit,VV,DRV
desertification,NN,degradation,NN,QSYN
desertification,NN,drought,NN,QSYN
development,,industrialization,,FRM
development,,urbanization,,FRM
diesel,NN,fuel,NN,HYP
diesel,NN,gasoline,NN,QSYN
digestion,NN,digest,VV,DRV
disappear,VV,decline,VV,QSYN
disappear,VV,disappearance,NN,DRV
disappear,,disappearance,,FRM
disappear,,extinction,,FRM
disappear,,loss,,FRM
disappear,,shortage,,FRM
disappearance,NN,decline,NN,QSYN
disappearance,NN,disappear,VV,DRV
disappearance,,disappear,,FRM
disappearance,NN,extinction,NN,QSYN
disappearance,,extinction,,FRM
disappearance,NN,loss,NN,QSYN
disappearance,,loss,,FRM
disappearance,,shortage,,FRM
disaster,NN,flood,NN,HYP
disaster,NN,tornado,NN,HYP
discard,,disposal,,FRM
discard,VV,dispose,VV,QSYN
discard,,dispose,,FRM
discard,VV,eliminate,VV,QSYN
discard,VV,recover,VV,ANTI
discard,VV,recycle,VV,ANTI
discard,VV,reuse,VV,ANTI
discharge,VV,charge,VV,ANTI
discharge,VV,recharge,VV,ANTI
disposal,,discard,,FRM
disposal,NN,dispose,VV,DRV
disposal,,dispose,,FRM
disposal,NN,recycling,NN,ANTI
disposal,NN,reuse,NN,ANTI
dispose,VV,discard,VV,QSYN
dispose,,discard,,FRM
dispose,VV,disposal,NN,DRV
dispose,,disposal,,FRM
dispose,VV,eliminate,VV,QSYN
dispose,VV,landfill,VV,QSYN
dispose,VV,recover,VV,ANTI
dispose,VV,recycle,VV,ANTI
dispose,VV,reuse,VV,ANTI
distance,NN,journey,NN,QSYN
distance,NN,route,NN,QSYN
distance,NN,trip,NN,QSYN
diversity,NN,biodiversity,NN,HYP
drive,VV,driving,NN,DRV
drive,VV,ride,VV,QSYN
drive,,ride,,FRM
drive,VV,run,VV,QSYN
drive,VV,travel,VV,QSYN
drive,,travel,,FRM
driver,NN,owner,NN,QSYN
driver,NN,passenger,NN,ANTI
driver,NN,user,NN,HYP
drought,NN,desertification,NN,QSYN
drought,NN,event,NN,HYP
drought,NN,flood,NN,ANTI
earth,NN,globe,NN,QSYN
earth,NN,planet,NN,QSYN
earthquake,NN,disaster,NN,HYP
earthquake,NN,event,NN,HYP
earthquake,NN,seismic,JJ,DRV
earthquake,NN,storm,NN,QSYN
earthquake,NN,tsunami,NN,QSYN
ecological,JJ,environmental,JJ,QSYN
ecosystem,NN,biome,NN,QSYN
ecosystem,NN,mangrove,NN,HYP
ecosystem,NN,tundra,NN,HYP
effect,,affect,,FRM
effect,NN,impact,NN,QSYN
effect,,impact,,FRM
effect,NN,influence,NN,QSYN
effect,,influence,,FRM
efficiency,NN,effectiveness,NN,QSYN
efficiency,NN,efficacy,NN,QSYN
electric,JJ,electrical,JJ,QSYN
electric,JJ,electricity,NN,DRV
electrical,JJ,electric,JJ,QSYN
electrical,JJ,electricity,NN,DRV
electrical,JJ,hydroelectric,JJ,QSYN
electricity,NN,electrical,JJ,DRV
electricity,NN,power,NN,QSYN
emission,NN,absorption,NN,ANTI
emission,NN,emit,VV,DRV
emission,,emit,,FRM
emission,,inject,,FRM
emission,,radiate,,FRM
emission,,release,,FRM
emission,NN,uptake,NN,ANTI
emit,VV,absorb,VV,ANTI
emit,VV,emission,NN,DRV
emit,,emission,,FRM
emit,,inject,,FRM
emit,,radiate,,FRM
emit,VV,release,VV,QSYN
emit,,release,,FRM
endanger,VV,threaten,VV,QSYN
endanger,,threaten,,FRM
energy,NN,electricity,NN,QSYN
energy,NN,heat,NN,QSYN
engine,NN,motor,NN,QSYN
environment,NN,environmental,JJ,DRV
environmental,,clean,,FRM
environmental,JJ,ecological,JJ,QSYN
environmental,JJ,environment,NN,DRV
environmental,,green,,FRM
erode,VV,erosion,NN,DRV
erosion,NN,erode,VV,DRV
erosion,,retreat,,FRM
eruption,NN,erupt,VV,DRV
estimate,VV,calculate,VV,QSYN
estimate,VV,estimation,NN,DRV
estimate,,estimation,,FRM
estimation,NN,calculation,NN,QSYN
estimation,NN,estimate,VV,DRV
estimation,,estimate,,FRM
ethanol,NN,biofuel,NN,HYP
ethanol,NN,fuel,NN,HYP
ethanol,NN,gas,NN,QSYN
ethanol,NN,hydrogen,NN,QSYN
ethanol,NN,petroleum,NN,QSYN
evaporate,VV,evaporation,NN,DRV
evaporate,,evaporation,,FRM
evaporate,,evapotranspiration,,FRM
evaporation,NN,evaporate,VV,DRV
evaporation,,evaporate,,FRM
evaporation,NN,evapotranspiration,NN,QSYN
evaporation,,evapotranspiration,,FRM
evaporation,NN,precipitation,NN,ANTI
evapotranspiration,,evaporate,,FRM
evapotranspiration,NN,evaporation,NN,QSYN
evapotranspiration,,evaporation,,FRM
evapotranspiration,NN,transpiration,NN,QSYN
event,NN,activity,NN,QSYN
event,NN,drought,NN,HYP
event,NN,flood,NN,HYP
event,NN,hurricane,NN,HYP
event,NN,storm,NN,HYP
extended,JJ,limited,JJ,ANTI
extinct,JJ,endangered,JJ,QSYN
extinct,JJ,threatened,JJ,QSYN
extinct,JJ,vulnerable,JJ,QSYN
extinction,NN,decline,NN,QSYN
extinction,,disappear,,FRM
extinction,,disappearance,,FRM
extinction,NN,loss,NN,QSYN
extinction,,loss,,FRM
extinction,,shortage,,FRM
extract,VV,extraction,NN,DRV
extreme,JJ,intense,JJ,QSYN
extreme,,intense,,FRM
extreme,,intensity,,FRM
extreme,JJ,severe,JJ,QSYN
extreme,,severe,,FRM
extreme,,severity,,FRM
farm,VV,cultivate,VV,QSYN
farm,VV,farming,NN,DRV
farming,NN,agriculture,NN,QSYN
fauna,NN,flora,NN,ANTI
feedback,NN,effect,NN,QSYN
feedback,NN,impact,NN,QSYN
fire,NN,event,NN,HYP
flood,NN,event,NN,HYP
flood,NN,flooding,NN,QSYN
flood,NN,inundation,NN,QSYN
flow,NN,current,NN,QSYN
flow,NN,distribution,NN,QSYN
flow,NN,flux,NN,QSYN
flow,NN,transfer,NN,QSYN
flow,NN,transmission,NN,QSYN
flow,NN,wave,NN,QSYN
fluctuate,VV,change,VV,QSYN
fluctuate,,change,,FRM
fluctuate,VV,fluctuation,NN,DRV
fluctuate,,fluctuation,,FRM
fluctuate,,shift,,FRM
fluctuate,,variation,,FRM
fluctuate,VV,vary,VV,QSYN
fluctuate,,vary,,FRM
fluctuation,NN,change,NN,QSYN
fluctuation,,change,,FRM
fluctuation,NN,fluctuate,VV,DRV
fluctuation,,fluctuate,,FRM
fluctuation,,shift,,FRM
fluctuation,NN,variation,NN,QSYN
fluctuation,,variation,,FRM
fluctuation,,vary,,FRM
forecast,,predict,,FRM
forecast,,project,,FRM
forecast,,projection,,FRM
forest,NN,ecosystem,NN,HYP
forest,NN,woodland,NN,QSYN
fossil,JJ,renewable,JJ,ANTI
fragile,JJ,vulnerable,JJ,QSYN
fragmentation,NN,fragment,VV,DRV
freeze,VV,freezing,NN,DRV
freeze,,frost,,FRM
freeze,VV,melt,VV,ANTI
freeze,,melt,,FRM
freeze,,melting,,FRM
freeze,VV,thaw,VV,ANTI
freeze,,thaw,,FRM
frost,,freeze,,FRM
frost,,melt,,FRM
frost,,melting,,FRM
frost,,thaw,,FRM
fuel,NN,biodiesel,NN,HYP
fuel,NN,biofuel,NN,HYP
fuel,VV,charge,VV,QSYN
fuel,NN,coal,NN,QSYN
fuel,NN,diesel,NN,HYP
fuel,NN,gasoline,NN,HYP
furnace,NN,incinerator,NN,QSYN
garage,NN,parking,NN,QSYN
gas,NN,ozone,NN,HYP
gasoline,NN,diesel,NN,QSYN
gasoline,NN,fuel,NN,HYP
gasoline,NN,gas,NN,QSYN
gasoline,NN,hydrocarbon,NN,QSYN
geothermal,JJ,hydroelectric,JJ,QSYN
geothermal,JJ,nuclear,JJ,QSYN
glacier,NN,permafrost,NN,QSYN
global,JJ,local,JJ,ANTI
global,JJ,regional,JJ,ANTI
global,JJ,worldwide,JJ,QSYN
globe,NN,planet,NN,QSYN
government,NN,municipality,NN,QSYN
green,JJ,alternative,JJ,QSYN
green,JJ,clean,JJ,QSYN
green,,clean,,FRM
green,,environmental,,FRM
green,JJ,pure,JJ,QSYN
green,JJ,smart,JJ,QSYN
grid,NN,station,NN,QSYN
grow,VV,decline,VV,ANTI
grow,,decline,,FRM
grow,VV,decrease,VV,ANTI
grow,,decrease,,FRM
grow,VV,growth,NN,DRV
grow,,growth,,FRM
grow,VV,increase,VV,QSYN
grow,,increase,,FRM
grow,VV,rise,VV,QSYN
grow,,rise,,FRM
growth,,decline,,FRM
growth,,decrease,,FRM
growth,NN,grow,VV,DRV
growth,,grow,,FRM
growth,NN,increase,NN,QSYN
growth,,increase,,FRM
growth,NN,rise,NN,QSYN
growth,,rise,,FRM
harmful,JJ,beneficial,JJ,ANTI
harmful,JJ,endangered,JJ,ANTI
harmful,JJ,harmless,JJ,ANTI
harmful,,hazard,,FRM
harmful,JJ,hazardous,JJ,QSYN
harmful,,hazardous,,FRM
harmful,,threat,,FRM
harmful,JJ,threatened,JJ,ANTI
harmful,JJ,toxic,JJ,QSYN
hazard,NN,danger,NN,QSYN
hazard,,harmful,,FRM
hazard,,hazardous,,FRM
hazard,NN,risk,NN,QSYN
hazard,NN,threat,NN,QSYN
hazard,,threat,,FRM
hazardous,JJ,dangerous,JJ,QSYN
hazardous,JJ,harmful,JJ,QSYN
hazardous,,harmful,,FRM
hazardous,,hazard,,FRM
hazardous,,threat,,FRM
hazardous,JJ,toxic,JJ,QSYN
heat,NN,energy,NN,QSYN
heat,VV,heating,NN,DRV
heat,VV,warm,VV,QSYN
heating,NN,heat,VV,DRV
heavy,JJ,light,JJ,ANTI
highway,NN,infrastructure,NN,HYP
highway,NN,road,NN,QSYN
hot,JJ,heat,NN,DRV
human,JJ,anthropogenic,JJ,QSYN
human,JJ,natural,JJ,ANTI
humid,JJ,dry,JJ,ANTI
humid,JJ,moist,JJ,QSYN
humid,JJ,wet,JJ,QSYN
hurricane,NN,cyclone,NN,QSYN
hurricane,,cyclone,,FRM
hurricane,NN,event,NN,HYP
hurricane,NN,storm,NN,QSYN
hurricane,,storm,,FRM
hurricane,,thunderstorm,,FRM
hurricane,NN,tornado,NN,QSYN
hurricane,,tornado,,FRM
hurricane,,tsunami,,FRM
hurricane,NN,typhoon,NN,QSYN
hybrid,JJ,pure,JJ,ANTI
hybrid,NN,vehicle,NN,HYP
hybridization,,conversion,,FRM
hybridization,,convert,,FRM
hybridization,,transform,,FRM
hydroelectric,JJ,electrical,JJ,QSYN
hydroelectric,JJ,hydropower,NN,DRV
hydrogen,NN,biofuel,NN,QSYN
hydrogen,NN,electricity,NN,QSYN
hydrogen,NN,ethanol,NN,QSYN
hydrogen,NN,fuel,NN,HYP
hydrogen,NN,h,NN,QSYN
hydrological,JJ,water,NN,DRV
hydropower,NN,electricity,NN,HYP
hydropower,NN,hydroelectric,JJ,DRV
ice,NN,snow,NN,QSYN
impact,VV,affect,VV,QSYN
impact,,affect,,FRM
impact,NN,consequence,NN,QSYN
impact,NN,effect,NN,QSYN
impact,,effect,,FRM
impact,NN,feedback,NN,QSYN
impact,VV,influence,VV,QSYN
impact,,influence,,FRM
incineration,NN,burning,NN,QSYN
incineration,NN,combustion,NN,QSYN
incinerator,NN,furnace,NN,QSYN
increase,VV,accelerate,VV,QSYN
increase,NN,acceleration,NN,QSYN
increase,VV,amplify,VV,QSYN
increase,VV,decline,VV,ANTI
increase,,decline,,FRM
increase,VV,decrease,VV,ANTI
increase,,decrease,,FRM
increase,VV,grow,VV,QSYN
increase,,grow,,FRM
increase,NN,growth,NN,QSYN
increase,,growth,,FRM
increase,NN,intensification,NN,QSYN
increase,VV,intensify,VV,QSYN
increase,,reduce,,FRM
increase,,reduction,,FRM
increase,VV,rise,VV,QSYN
increase,,rise,,FRM
industrial,JJ,industry,NN,DRV
industrialization,NN,development,NN,HYP
industrialization,,development,,FRM
industrialization,NN,urbanization,NN,QSYN
industrialization,,urbanization,,FRM
industrialized,JJ,developed,JJ,QSYN
industry,NN,industrial,JJ,DRV
influence,VV,affect,VV,QSYN
influence,,affect,,FRM
influence,NN,effect,NN,QSYN
influence,,effect,,FRM
influence,VV,impact,VV,QSYN
influence,,impact,,FRM
inject,,emission,,FRM
inject,VV,emit,VV,QSYN
inject,,emit,,FRM
inject,VV,injection,NN,DRV
inject,,radiate,,FRM
inject,VV,release,VV,QSYN
inject,,release,,FRM
inorganic,JJ,organic,JJ,ANTI
intense,JJ,extreme,JJ,QSYN
intense,,extreme,,FRM
intense,JJ,intensity,NN,DRV
intense,,intensity,,FRM
intense,JJ,severe,JJ,QSYN
intense,,severe,,FRM
intense,,severity,,FRM
intensification,,accelerate,,FRM
intensification,NN,acceleration,NN,QSYN
intensification,,acceleration,,FRM
intensification,NN,increase,NN,QSYN
intensification,NN,intensify,VV,DRV
intensification,,intensify,,FRM
intensify,,abate,,FRM
intensify,,abatement,,FRM
intensify,,accelerate,,FRM
intensify,,acceleration,,FRM
intensify,VV,amplify,VV,QSYN
intensify,,amplify,,FRM
intensify,VV,increase,VV,QSYN
intensify,VV,intensification,NN,DRV
intensify,,intensification,,FRM
intensify,,mitigate,,FRM
intensify,,mitigation,,FRM
intensity,,extreme,,FRM
intensity,NN,intense,JJ,DRV
intensity,,intense,,FRM
intensity,,severe,,FRM
intensity,NN,severity,NN,QSYN
intensity,,severity,,FRM
irrigation,NN,irrigate,VV,DRV
kilometer,NN,km,NN,QSYN
kilometer,NN,mile,NN,QSYN
kilowatt,NN,kw,NN,QSYN
landfill,NN,site,NN,HYP
level,NN,concentration,NN,QSYN
life,NN,lifetime,NN,QSYN
light,JJ,heavy,JJ,ANTI
limited,JJ,extended,JJ,ANTI
local,JJ,regional,JJ,QSYN
local,JJ,urban,JJ,QSYN
loss,NN,decline,NN,QSYN
loss,,disappear,,FRM
loss,,disappearance,,FRM
loss,NN,extinction,NN,QSYN
loss,,extinction,,FRM
loss,,shortage,,FRM
manage,VV,management,NN,DRV
manage,,management,,FRM
management,NN,manage,VV,DRV
management,,manage,,FRM
mangrove,NN,ecosystem,NN,HYP
mangrove,NN,wetland,NN,QSYN
measure,VV,assess,VV,QSYN
measure,NN,method,NN,QSYN
measure,VV,monitor,VV,QSYN
measure,NN,procedure,NN,QSYN
melt,VV,freeze,VV,ANTI
melt,,freeze,,FRM
melt,,frost,,FRM
melt,VV,melting,NN,DRV
melt,,melting,,FRM
melt,VV,thaw,VV,QSYN
melt,,thaw,,FRM
melting,,freeze,,FRM
melting,,frost,,FRM
melting,NN,melt,VV,DRV
melting,,melt,,FRM
melting,,thaw,,FRM
meteorological,JJ,climatic,JJ,QSYN
metro,NN,bus,NN,QSYN
metro,NN,train,NN,QSYN
metro,NN,vehicle,NN,HYP
microbial,JJ,microbe,NN,DRV
migrate,VV,migration,NN,DRV
migrate,VV,shift,VV,QSYN
mile,NN,kilometer,NN,QSYN
mining,NN,mine,VV,DRV
mitigate,,abate,,FRM
mitigate,,abatement,,FRM
mitigate,,accelerate,,FRM
mitigate,VV,amplify,VV,ANTI
mitigate,,amplify,,FRM
mitigate,VV,decrease,VV,QSYN
mitigate,VV,increase,VV,ANTI
mitigate,,intensify,,FRM
mitigate,VV,mitigation,NN,DRV
mitigate,,mitigation,,FRM
mitigate,VV,reduce,VV,QSYN
mitigation,,abate,,FRM
mitigation,,abatement,,FRM
mitigation,,accelerate,,FRM
mitigation,,amplify,,FRM
mitigation,NN,decrease,NN,QSYN
mitigation,NN,increase,NN,ANTI
mitigation,,intensify,,FRM
mitigation,NN,mitigate,VV,DRV
mitigation,,mitigate,,FRM
mitigation,NN,reduction,NN,QSYN
model,VV,modelling,NN,DRV
model,,modelling,,FRM
model,NN,scenario,NN,QSYN
model,,scenario,,FRM
model,,simulate,,FRM
modelling,NN,model,VV,DRV
modelling,,model,,FRM
modelling,NN,modeling,NN,QSYN
modelling,,simulate,,FRM
monitor,VV,measure,VV,QSYN
monitor,VV,monitoring,NN,DRV
motor,NN,engine,NN,QSYN
municipal,JJ,municipality,NN,DRV
municipal,JJ,urban,JJ,QSYN
municipality,NN,government,NN,QSYN
municipality,NN,municipal,JJ,DRV
natural,JJ,anthropogenic,JJ,ANTI
nuclear,JJ,geothermal,JJ,QSYN
nuclear,JJ,hydroelectric,JJ,QSYN
nuclear,JJ,solar,JJ,QSYN
nuclear,JJ,wind,JJ,QSYN
ocean,NN,oceanic,JJ,DRV
ocean,NN,sea,NN,QSYN
oil,NN,coal,NN,QSYN
oil,NN,fuel,NN,HYP
oil,NN,gas,NN,QSYN
oil,NN,hydrocarbon,NN,HYP
oil,NN,petroleum,NN,QSYN
organic,JJ,biological,JJ,QSYN
organic,JJ,inorganic,JJ,ANTI
owner,NN,consumer,NN,QSYN
owner,NN,driver,NN,QSYN
owner,NN,user,NN,QSYN
oxidize,VV,oxidation,NN,DRV
ozone,NN,gas,NN,HYP
ozone,NN,o3,NN,QSYN
parking,NN,park,VV,DRV
passenger,NN,driver,NN,ANTI
passenger,NN,traveler,NN,QSYN
pathogenic,JJ,pathogen,NN,DRV
peatland,NN,marsh,NN,QSYN
peatland,NN,mire,NN,QSYN
peatland,NN,wetland,NN,HYP
perturbation,,alter,,FRM
perturbation,,alteration,,FRM
perturbation,NN,change,NN,QSYN
perturbation,,change,,FRM
petroleum,NN,diesel,NN,QSYN
petroleum,NN,ethanol,NN,QSYN
petroleum,NN,fuel,NN,HYP
petroleum,NN,gasoline,NN,QSYN
petroleum,NN,oil,NN,QSYN
petroleum,NN,petrol,NN,QSYN
photovoltaic,JJ,pv,JJ,QSYN
photovoltaic,JJ,solar,JJ,QSYN
planet,NN,earth,NN,QSYN
planet,NN,globe,NN,QSYN
planet,NN,planetary,JJ,DRV
plant,VV,cultivate,VV,QSYN
plant,VV,planting,NN,DRV
plant,VV,reforest,VV,QSYN
plastic,NN,material,NN,HYP
plastic,NN,waste,NN,HYP
pollutant,NN,dioxin,NN,HYP
pollutant,NN,polluter,NN,QSYN
pollute,,acidification,,FRM
pollute,VV,acidify,VV,QSYN
pollute,,acidify,,FRM
pollute,VV,contaminate,VV,QSYN
pollute,,contaminate,,FRM
pollute,VV,pollution,NN,DRV
polluted,JJ,contaminated,JJ,QSYN
polluted,,contaminated,,FRM
pollution,NN,pollute,VV,DRV
precipitation,NN,evaporation,NN,ANTI
precipitation,NN,hail,NN,HYP
precipitation,NN,monsoon,NN,QSYN
precipitation,NN,rain,NN,HYP
precipitation,,rain,,FRM
precipitation,,rainfall,,FRM
precipitation,NN,snow,NN,HYP
predict,VV,forecast,VV,QSYN
predict,,forecast,,FRM
predict,VV,prediction,NN,DRV
predict,VV,project,VV,QSYN
predict,,project,,FRM
predict,,projection,,FRM
preserve,,conservation,,FRM
preserve,VV,conserve,VV,QSYN
preserve,,conserve,,FRM
preserve,VV,protect,VV,QSYN
private,JJ,individual,JJ,QSYN
private,JJ,public,JJ,ANTI
process,VV,processing,NN,DRV
process,VV,treat,VV,QSYN
process,,treat,,FRM
product,NN,toxic,NN,HYP
production,NN,produce,VV,DRV
project,VV,forecast,VV,QSYN
project,,forecast,,FRM
project,VV,predict,VV,QSYN
project,,predict,,FRM
project,VV,projection,NN,DRV
project,,projection,,FRM
projection,,forecast,,FRM
projection,,predict,,FRM
projection,NN,prediction,NN,QSYN
projection,NN,project,VV,DRV
projection,,project,,FRM
propel,VV,drive,VV,QSYN
propel,VV,power,VV,QSYN
propel,VV,run,VV,ANTI
protect,VV,conserve,VV,QSYN
protect,VV,preserve,VV,QSYN
protect,VV,protection,NN,DRV
protect,,protection,,FRM
protection,NN,conservation,NN,QSYN
protection,NN,preservation,NN,QSYN
protection,NN,protect,VV,DRV
protection,,protect,,FRM
public,JJ,private,JJ,ANTI
radiate,,emission,,FRM
radiate,VV,emit,VV,QSYN
radiate,,emit,,FRM
radiate,,inject,,FRM
radiate,VV,radiation,NN,DRV
radiate,VV,reflect,VV,QSYN
radiate,,release,,FRM
rain,NN,hail,NN,QSYN
rain,NN,monsoon,NN,QSYN
rain,NN,precipitation,NN,HYP
rain,,precipitation,,FRM
rain,,rainfall,,FRM
rain,NN,snow,NN,QSYN
rainfall,NN,monsoon,NN,QSYN
rainfall,NN,precipitation,NN,QSYN
rainfall,,precipitation,,FRM
rainfall,,rain,,FRM
rainfall,NN,snowfall,NN,QSYN
rainfall,NN,thunderstorm,NN,QSYN
recharge,,charge,,FRM
recharge,VV,discharge,VV,ANTI
recover,VV,dispose,VV,ANTI
recover,VV,eliminate,VV,ANTI
recover,VV,recovery,NN,DRV
recover,VV,recycle,VV,QSYN
recycle,VV,recover,VV,QSYN
recycle,VV,recycling,NN,DRV
recycle,,recycling,,FRM
recycle,VV,reuse,VV,QSYN
recycling,NN,disposal,NN,ANTI
recycling,,recycle,,FRM
recycling,NN,reuse,NN,QSYN
reduce,,decrease,,FRM
reduce,VV,increase,VV,ANTI
reduce,,increase,,FRM
reduce,VV,reduction,NN,DRV
reduce,,reduction,,FRM
reduction,NN,abatement,NN,QSYN
reduction,,decrease,,FRM
reduction,,increase,,FRM
reduction,NN,mitigation,NN,QSYN
reduction,NN,reduce,VV,DRV
reduction,,reduce,,FRM
reflect,VV,absorb,VV,ANTI
reflect,VV,emit,VV,QSYN
reflect,VV,radiate,VV,QSYN
reflect,VV,reflection,NN,DRV
reflect,VV,release,VV,QSYN
reflect,VV,trap,VV,ANTI
reforest,,afforestation,,FRM
reforest,VV,deforest,VV,ANTI
reforest,VV,plant,VV,QSYN
reforest,VV,reforestation,NN,DRV
reforest,,reforestation,,FRM
reforestation,NN,afforestation,NN,QSYN
reforestation,,afforestation,,FRM
reforestation,NN,deforestation,NN,ANTI
reforestation,NN,planting,NN,QSYN
reforestation,NN,reforest,VV,DRV
reforestation,,reforest,,FRM
reforestation,NN,regeneration,NN,QSYN
regenerate,VV,regeneration,NN,DRV
regeneration,NN,regenerate,VV,DRV
regeneration,NN,regrowth,NN,QSYN
region,NN,area,NN,QSYN
regional,JJ,global,JJ,ANTI
regional,JJ,local,JJ,QSYN
regional,JJ,region,NN,DRV
regulate,VV,control,VV,QSYN
regulate,VV,regulation,NN,DRV
regulation,NN,law,NN,QSYN
regulation,NN,legislation,NN,QSYN
regulation,NN,policy,NN,QSYN
regulation,NN,regulate,VV,DRV
release,NN,emission,NN,QSYN
release,,emission,,FRM
release,VV,emit,VV,QSYN
release,,emit,,FRM
release,VV,inject,VV,QSYN
release,,inject,,FRM
release,,radiate,,FRM
renewable,JJ,fossil,JJ,ANTI
represent,VV,representation,NN,DRV
reservoir,NN,dam,NN,QSYN
retreat,,erosion,,FRM
reuse,VV,recycle,VV,QSYN
ride,VV,drive,VV,QSYN
ride,,drive,,FRM
rise,,decline,,FRM
rise,VV,decrease,VV,ANTI
rise,,decrease,,FRM
rise,VV,grow,VV,QSYN
rise,,grow,,FRM
rise,,growth,,FRM
rise,VV,increase,VV,QSYN
rise,,increase,,FRM
risk,NN,danger,NN,QSYN
risk,NN,hazard,NN,QSYN
risk,NN,threat,NN,QSYN
road,NN,highway,NN,QSYN
road,NN,infrastructure,NN,HYP
run,VV,drive,VV,QSYN
run,VV,propel,VV,ANTI
run,VV,travel,VV,QSYN
rural,JJ,urban,JJ,ANTI
salinity,NN,saline,JJ,DRV
scenario,NN,model,NN,QSYN
scenario,,model,,FRM
scrap,NN,residue,NN,HYP
scrap,NN,waste,NN,HYP
seasonal,JJ,seasonality,NN,DRV
seasonality,NN,seasonal,JJ,DRV
sensitivity,,threatened,,FRM
sensitivity,NN,vulnerability,NN,QSYN
sensitivity,,vulnerability,,FRM
sensitivity,,vulnerable,,FRM
separate,VV,separation,NN,DRV
separate,,separation,,FRM
separate,VV,sort,VV,QSYN
separate,,sort,,FRM
separation,NN,separate,VV,DRV
separation,,separate,,FRM
separation,,sort,,FRM
sequester,,capture,,FRM
sequester,,sequestration,,FRM
sequestration,NN,capture,NN,QSYN
sequestration,,capture,,FRM
sequestration,NN,sequester,VV,DRV
sequestration,,sequester,,FRM
severe,JJ,extreme,JJ,QSYN
severe,,extreme,,FRM
severe,JJ,intense,JJ,QSYN
severe,,intense,,FRM
severe,,intensity,,FRM
severe,JJ,severity,NN,DRV
severe,,severity,,FRM
severity,,extreme,,FRM
severity,,intense,,FRM
severity,NN,intensity,NN,QSYN
severity,,intensity,,FRM
severity,NN,severe,JJ,DRV
severity,,severe,,FRM
sewage,NN,waste,NN,QSYN
shift,VV,change,VV,QSYN
shift,,change,,FRM
shift,VV,fluctuate,VV,QSYN
shift,,fluctuate,,FRM
shift,NN,fluctuation,NN,QSYN
shift,,fluctuation,,FRM
shift,VV,migrate,VV,QSYN
shift,NN,variation,NN,QSYN
shift,,variation,,FRM
shift,VV,vary,VV,QSYN
shift,,vary,,FRM
shortage,,disappear,,FRM
shortage,,disappearance,,FRM
shortage,,extinction,,FRM
shortage,,loss,,FRM
shortage,NN,scarcity,NN,QSYN
simulate,,model,,FRM
simulate,,modelling,,FRM
simulate,VV,simulation,NN,DRV
smart,JJ,pure,JJ,QSYN
snow,NN,hail,NN,QSYN
snow,NN,precipitation,NN,HYP
snow,NN,rain,NN,QSYN
solar,JJ,thermal,JJ,QSYN
solid,JJ,gaseous,JJ,QSYN
solid,JJ,liquid,JJ,QSYN
sort,VV,separate,VV,QSYN
sort,,separate,,FRM
sort,,separation,,FRM
stabilization,NN,stabilize,VV,DRV
stabilization,,stabilize,,FRM
stabilize,VV,destabilize,VV,ANTI
stabilize,VV,stabilization,NN,DRV
stabilize,,stabilization,,FRM
store,VV,absorb,VV,QSYN
store,VV,capture,VV,QSYN
store,VV,sequester,VV,QSYN
store,VV,storage,NN,DRV
store,VV,trap,VV,QSYN
storm,,cyclone,,FRM
storm,NN,event,NN,HYP
storm,NN,hurricane,NN,QSYN
storm,,hurricane,,FRM
storm,NN,thunderstorm,NN,HYP
storm,,thunderstorm,,FRM
storm,,tornado,,FRM
storm,,tsunami,,FRM
storm,NN,typhoon,NN,QSYN
stratosphere,NN,stratospheric,JJ,DRV
stratosphere,NN,troposphere,NN,QSYN
stratospheric,JJ,atmospheric,JJ,QSYN
stratospheric,JJ,stratosphere,NN,DRV
stratospheric,JJ,tropospheric,JJ,QSYN
sulphur,NN,contaminant,NN,HYP
sulphur,NN,pollutant,NN,HYP
sulphur,NN,s,NN,QSYN
sustainability,NN,sustainable,JJ,DRV
sustainability,,sustainable,,FRM
sustainability,,unsustainable,,FRM
sustainable,JJ,sustainability,NN,DRV
sustainable,,sustainability,,FRM
sustainable,JJ,unsustainable,JJ,ANTI
sustainable,,unsustainable,,FRM
temperate,JJ,cool,JJ,QSYN
temperate,JJ,tropical,JJ,QSYN
temperature,,cold,,FRM
temperature,,cool,,FRM
temperature,,warm,,FRM
temperature,NN,weather,NN,QSYN
terrestrial,JJ,coastal,JJ,QSYN
terrestrial,JJ,land,NN,DRV
terrestrial,JJ,marine,JJ,ANTI
terrestrial,JJ,oceanic,JJ,ANTI
thaw,VV,freeze,VV,ANTI
thaw,,freeze,,FRM
thaw,,frost,,FRM
thaw,VV,melt,VV,QSYN
thaw,,melt,,FRM
thaw,,melting,,FRM
thermal,JJ,solar,JJ,QSYN
threat,,harmful,,FRM
threat,NN,hazard,NN,QSYN
threat,,hazard,,FRM
threat,,hazardous,,FRM
threat,NN,risk,NN,QSYN
threat,NN,threaten,VV,DRV
threaten,VV,endanger,VV,QSYN
threaten,,endanger,,FRM
threaten,VV,threat,NN,DRV
threatened,JJ,endangered,JJ,QSYN
threatened,JJ,extinct,JJ,QSYN
threatened,JJ,harmful,JJ,ANTI
threatened,,sensitivity,,FRM
threatened,,vulnerability,,FRM
threatened,JJ,vulnerable,JJ,QSYN
threatened,,vulnerable,,FRM
thunderstorm,,cyclone,,FRM
thunderstorm,,hurricane,,FRM
thunderstorm,NN,precipitation,NN,QSYN
thunderstorm,NN,rain,NN,QSYN
thunderstorm,NN,rainfall,NN,QSYN
thunderstorm,NN,storm,NN,HYP
thunderstorm,,storm,,FRM
thunderstorm,,tornado,,FRM
thunderstorm,,tsunami,,FRM
tidal,JJ,hydraulic,JJ,QSYN
tornado,,cyclone,,FRM
tornado,NN,event,NN,HYP
tornado,NN,hurricane,NN,QSYN
tornado,,hurricane,,FRM
tornado,NN,storm,NN,HYP
tornado,,storm,,FRM
tornado,NN,thunderstorm,NN,QSYN
tornado,,thunderstorm,,FRM
tornado,,tsunami,,FRM
train,NN,bus,NN,QSYN
train,NN,metro,NN,QSYN
train,NN,transportation,NN,HYP
transfer,NN,distribution,NN,QSYN
transfer,NN,flow,NN,QSYN
transfer,NN,transmission,NN,QSYN
transform,,conversion,,FRM
transform,VV,convert,VV,QSYN
transform,,convert,,FRM
transform,,hybridization,,FRM
transform,VV,transformation,NN,DRV
transit,NN,bus,NN,HYP
transit,,commute,,FRM
transit,NN,metro,NN,HYP
transit,NN,transportation,NN,QSYN
transit,NN,travel,NN,QSYN
transit,,travel,,FRM
transit,NN,vehicle,NN,QSYN
transmission,NN,distribution,NN,QSYN
transmission,NN,flow,NN,QSYN
transmission,NN,transfer,NN,QSYN
transport,VV,carry,VV,QSYN
transportation,,carry,,FRM
transportation,NN,transit,NN,QSYN
transportation,NN,transport,NN,QSYN
transportation,NN,vehicle,NN,QSYN
trap,VV,absorb,VV,QSYN
trap,VV,capture,VV,QSYN
trap,VV,radiate,VV,ANTI
trap,VV,store,VV,QSYN
trap,VV,trapping,NN,DRV
travel,,commute,,FRM
travel,VV,drive,VV,QSYN
travel,,drive,,FRM
travel,NN,transit,NN,QSYN
travel,,transit,,FRM
travel,NN,trip,NN,QSYN
traveler,NN,passenger,NN,QSYN
traveler,NN,user,NN,QSYN
treat,VV,process,VV,QSYN
treat,,process,,FRM
treat,VV,treatment,NN,DRV
tree,NN,plant,NN,QSYN
tree,NN,shrub,NN,QSYN
trip,NN,distance,NN,QSYN
trip,NN,journey,NN,QSYN
trip,NN,transit,NN,QSYN
trip,NN,travel,NN,QSYN
tropical,JJ,tropics,NN,DRV
troposphere,NN,stratosphere,NN,QSYN
troposphere,NN,tropospheric,JJ,DRV
tropospheric,JJ,atmospheric,JJ,QSYN
tropospheric,JJ,stratospheric,JJ,QSYN
tropospheric,JJ,troposphere,NN,DRV
truck,NN,automobile,NN,QSYN
truck,NN,car,NN,QSYN
truck,NN,vehicle,NN,HYP
tsunami,,cyclone,,FRM
tsunami,NN,disaster,NN,HYP
tsunami,NN,earthquake,NN,QSYN
tsunami,NN,event,NN,HYP
tsunami,,hurricane,,FRM
tsunami,,storm,,FRM
tsunami,,thunderstorm,,FRM
tsunami,,tornado,,FRM
tundra,NN,biome,NN,HYP
tundra,NN,ecosystem,NN,HYP
unsustainable,,sustainability,,FRM
unsustainable,JJ,sustainable,JJ,ANTI
unsustainable,,sustainable,,FRM
uptake,,absorb,,FRM
uptake,NN,absorption,NN,QSYN
uptake,,absorption,,FRM
uptake,NN,emission,NN,ANTI
uptake,NN,release,NN,ANTI
urban,JJ,city,NN,DRV
urban,JJ,local,JJ,QSYN
urban,JJ,rural,JJ,ANTI
urbanization,NN,development,NN,HYP
urbanization,,development,,FRM
urbanization,NN,industrialization,NN,QSYN
urbanization,,industrialization,,FRM
urbanization,NN,urbanize,VV,DRV
user,NN,consumer,NN,QSYN
user,NN,driver,NN,QSYN
user,NN,owner,NN,QSYN
user,NN,traveler,NN,QSYN
variability,NN,variable,JJ,DRV
variable,JJ,variability,NN,DRV
variation,NN,change,NN,QSYN
variation,,change,,FRM
variation,,fluctuate,,FRM
variation,NN,fluctuation,NN,QSYN
variation,,fluctuation,,FRM
variation,NN,shift,NN,QSYN
variation,,shift,,FRM
variation,NN,vary,VV,DRV
variation,,vary,,FRM
vary,VV,change,VV,QSYN
vary,,change,,FRM
vary,,fluctuate,,FRM
vary,,fluctuation,,FRM
vary,,shift,,FRM
vary,VV,variation,NN,DRV
vary,,variation,,FRM
vehicle,NN,automobile,NN,HYP
vehicle,NN,bus,NN,HYP
vehicle,NN,car,NN,HYP
vehicle,NN,transit,NN,QSYN
vehicle,NN,transportation,NN,QSYN
volcanic,JJ,volcano,NN,DRV
volcano,NN,volcanic,JJ,DRV
vulnerability,NN,sensitivity,NN,QSYN
vulnerability,,sensitivity,,FRM
vulnerability,,threatened,,FRM
vulnerability,NN,vulnerable,JJ,DRV
vulnerability,,vulnerable,,FRM
vulnerable,JJ,endangered,JJ,QSYN
vulnerable,JJ,extinct,JJ,QSYN
vulnerable,JJ,fragile,JJ,QSYN
vulnerable,,sensitivity,,FRM
vulnerable,JJ,threatened,JJ,QSYN
vulnerable,,threatened,,FRM
vulnerable,,vulnerability,,FRM
warm,JJ,cold,JJ,ANTI
warm,,cold,,FRM
warm,VV,cool,VV,ANTI
warm,,cool,,FRM
warm,,cooling,,FRM
warm,VV,heat,VV,QSYN
warm,,temperature,,FRM
warm,VV,warming,NN,DRV
warm,,warming,,FRM
warming,,cool,,FRM
warming,NN,cooling,NN,ANTI
warming,,cooling,,FRM
warming,NN,warm,VV,DRV
warming,,warm,,FRM
waste,NN,scrap,NN,HYP
waste,NN,sewage,NN,QSYN
waste,NN,toxic,NN,HYP
water,NN,air,NN,ANTI
water,NN,resource,NN,HYP
watt,NN,w,NN,QSYN
weather,NN,climate,NN,QSYN
weather,NN,condition,NN,QSYN
weather,NN,temperature,NN,QSYN
wildlife,NN,fauna,NN,QSYN
wildlife,NN,flora,NN,QSYN
wildlife,NN,nature,NN,QSYN
wood,NN,resource,NN,HYP
worldwide,JJ,global,JJ,QSYN
